fold,r2,mae_stars,rmse_stars
1,0.8997,0.0669,0.0878
2,0.9465,0.0602,0.0752
3,0.8952,0.0729,0.1002
4,0.9272,0.0665,0.0932
5,0.953,0.0533,0.0687
6,0.9243,0.0695,0.0896
7,0.9426,0.0603,0.0812
8,0.9253,0.0635,0.0853
9,0.9222,0.0624,0.0858
10,0.9077,0.067,0.0885
11,0.9255,0.0586,0.0766
12,0.9221,0.0604,0.0845
13,0.9222,0.0715,0.0972
14,0.9198,0.072,0.0942
15,0.9373,0.0582,0.0744
16,0.9178,0.0624,0.0885
17,0.9115,0.0762,0.1037
18,0.9283,0.0565,0.0747
19,0.9283,0.0663,0.0829
20,0.9438,0.0602,0.0773
21,0.9237,0.0635,0.0848
22,0.9472,0.0578,0.0761
23,0.9352,0.0632,0.0851
24,0.8908,0.0748,0.1011
25,0.9264,0.061,0.0796
26,0.9112,0.0695,0.0901
27,0.9398,0.0576,0.0771
28,0.9251,0.0548,0.0781
29,0.9269,0.0684,0.0897
30,0.9263,0.068,0.0909
31,0.9423,0.0612,0.0796
32,0.9247,0.0626,0.0826
33,0.9234,0.0697,0.0897
34,0.9343,0.0591,0.0765
35,0.9084,0.0667,0.0968
36,0.9067,0.0829,0.1072
37,0.9409,0.0599,0.0836
38,0.9402,0.059,0.0736
39,0.9306,0.0586,0.0764
40,0.909,0.0596,0.0847
41,0.9165,0.0647,0.0893
42,0.932,0.0633,0.0835
43,0.9268,0.0689,0.0891
44,0.9276,0.0604,0.0872
45,0.925,0.0632,0.0806
46,0.9316,0.0616,0.0857
47,0.9382,0.0615,0.0846
48,0.9178,0.0662,0.0928
49,0.9156,0.068,0.0885
50,0.9197,0.0625,0.0773
